{"lr": 0.00016046744893538737, "dataset": "villacampa_lung_organoid", "num_epoch": 3000, "num_heads": 16, "depth": 6, "hidden_size": 1024, "save_path": "ckpt_W&B/", "loss_type": "noise", "concat_dim": 0, "masked_loss": true, "model_type": "1D", "scheduler": true, "_timestamp": 1729742149.6862051, "_runtime": 814.92072224617, "_step": 602, "Loss": 0.0235268734395504, "MSE": 0.8430717587471008, "PCC": 0.36397290229797363, "_wandb": {"runtime": 838}}